"",0,,0,550.0,0.0,0.0,,0
"",0,,0,549.0,0.0,0.0,,0
"",0,,0,548.0,0.0,0.0,,0
"",0,,0,547.0,0.0,0.0,,0
"",0,,0,546.0,0.0,0.0,,0
"",0,,0,545.0,0.0,0.0,,0
"",0,,0,544.0,0.0,0.0,,0
"",0,,0,543.0,0.0,0.0,,0
"",0,,0,542.0,0.0,0.0,,0
"",0,,0,541.0,0.0,0.0,,0
"",0,,0,540.0,0.0,0.0,,0
"",0,,0,539.0,0.0,0.0,,0
"",0,,0,538.0,0.0,0.0,,0
"",0,,0,537.0,0.0,0.0,,0
"",0,,0,536.0,0.0,0.0,,0
"",0,,0,535.0,0.0,0.0,,0
"",0,,0,534.0,0.0,0.0,,0
"",0,,0,533.0,0.0,0.0,,0
"",0,,0,532.0,0.0,0.0,,0
"",0,,0,531.0,0.0,0.0,,0
"",0,,0,530.0,0.0,0.0,,0
"",0,,0,529.0,0.0,0.0,,0
"",0,,0,528.0,0.0,0.0,,0
"",0,,0,527.0,0.0,0.0,,0
"",0,,0,526.0,0.0,0.0,,0
"",0,,0,525.0,0.0,0.0,,0
"",0,,0,524.0,0.0,0.0,,0
"",0,,0,523.0,0.0,0.0,,0
"",0,,0,522.0,0.0,0.0,,0
"",0,,0,521.0,0.0,0.0,,0
"",0,,0,520.0,0.0,0.0,,0
"",0,,0,519.0,0.0,0.0,,0
"",0,,0,518.0,0.0,0.0,,0
"",0,,0,517.0,0.0,0.0,,0
"",0,,0,516.0,0.0,0.0,,0
"",0,,0,515.0,0.0,0.0,,0
"",0,,0,514.0,0.0,0.0,,0
"",0,,0,513.0,0.0,0.0,,0
"",0,,0,512.0,0.0,0.0,,0
"",0,,0,511.0,0.0,0.0,,0
"",0,,0,510.0,0.0,0.0,,0
"",0,,0,509.0,0.0,0.0,,0
"",0,,0,508.0,0.0,0.0,,0
"",0,,0,507.0,0.0,0.0,,0
"",0,,0,506.0,0.0,0.0,,0
"",0,,0,505.0,0.0,0.0,,0
"",0,,0,504.0,0.0,0.0,,0
"",0,,0,503.0,0.0,0.0,,0
"",0,,0,502.0,0.0,0.0,,0
Miguel Lozano,20,4 Semestre,10,501.0,8.6,21500.0,"Coyoacan, CDMX",317119938
Daniela Coello Velasquez,27,2 Semestre,7,500.0,6.3962426,31341.588,DIRECCION CONOCIDO,3809917
David Villaroel Guerrero,26,2 Semestre,7,499.0,6.4304485,31509.197,AV. LIBERTAD NO 387 ESQ. MORELOS,4110574
Luis Luna Galicia,27,2 Semestre,7,498.0,6.4504333,31607.123,AV. INDEPENDENCIA 918,4113383
America Landero Serret,19,2 Semestre,7,497.0,6.7080755,32869.57,AV. FERROCARRIL S/N.,3878919
Alejandro Jaramillo Castillo,22,2 Semestre,7,496.0,6.719176,32923.96,INDEPENDENCIA NO 124,3403970
Daniel Aquino Ortega,24,2 Semestre,7,495.0,6.7237096,32946.176,AV. 20 DE NOVIEMBRE ESQ.EMILIANO ZAPATA S/N,3614299
Andres Barrueta Ramirez,23,2 Semestre,7,494.0,6.9771223,34187.9,AV. INDEPENDENCIA NO.900,4067580
Angelica Quiroz Manriquez,25,2 Semestre,7,493.0,6.9817233,34210.445,AV. 1O. DE MAYO NO. 240,3164774
Elizabeth Quiroz Puga,23,2 Semestre,7,492.0,7.065895,34622.887,CALLE ZARAGOZA NO. 1010,3644451
Fatima Quiroz Reyes,26,2 Semestre,7,491.0,7.088784,34735.043,"""?lvaro Obreg?n Esq. Valladolid,""",3968183
Angelica Quiroz Barajas,19,2 Semestre,7,490.0,7.454149,36525.33,CALLE 21 DE MARZO NO. 17,3215453
Dulce Aguilar Gonzalez,23,2 Semestre,7,489.0,7.6909614,37685.71,AV. 20 DE NOVIEMBRE NO. 970-B,3939893
Luis Galicia Almanza,23,2 Semestre,7,488.0,7.8804317,38614.113,PROLONG.INDEPENDENCIA NO.468-B,3786486
Dulce Esparza Reyes,25,2 Semestre,8,487.0,6.0572224,38766.223,AV. INDEPENDENCIA NO. 500,3934028
Juan Jimenez Jimenez,24,2 Semestre,7,486.0,7.94918,38950.984,AV. INDEPENDENCIA NO. 584,4149838
Adrian Canales Sanchez,27,2 Semestre,8,485.0,6.2622166,40078.188,AV. INDEPENDENCIA NO 511 A,3689293
Bruno Hernandez Arias,18,2 Semestre,8,484.0,6.3570933,40685.4,AV. INDEPENDENCIA N. 1282-A,3626740
Alfredo Arias Villaroel,24,3 Semestre,12,483.0,6.383644,40855.32,AV. INDEPENDENCIA NO. 748,4061122
Camila Bolaños Landero,22,2 Semestre,7,482.0,8.391017,41115.984,AV. INDEPENDENCIA NO 1021,3369095
Abril Gonzalez Almanza,24,3 Semestre,12,481.0,6.535339,41826.168,AV. INDEPENDENCIA NO. 1029,4000451
Cesar Serret Vaca,26,2 Semestre,8,480.0,6.559106,41978.277,MATAMOROS NO 149,3504582
Adriana Ortiz Puga,25,3 Semestre,12,479.0,6.8817396,44043.133,MANUEL DOBLADO No. 34,3524152
Abril Jaramillo Barrueta,21,4 Semestre,17,478.0,6.271607,45312.36,PRIMERO DE MAYO NO 48 ALTOS,3837422
Abigail Canales Blanco,25,2 Semestre,8,477.0,7.1161127,45543.12,MATAMOROS NO 149,3388522
Erika Barrueta Jaramillo,19,3 Semestre,12,476.0,7.1165686,45546.04,AV. INDEPENDENCIA NO. 666,3379301
Adan Puga Cosio,27,3 Semestre,13,475.0,6.079812,45666.14,AV. 20 DE NOVIEMBRE NO 1518,3303040
Angel Manriquez Aguirre,21,3 Semestre,12,474.0,7.2284927,46262.35,BLVD. BENITO JUAREZ NO. 1291,3559358
Diego Luna Serret,22,2 Semestre,8,473.0,7.228805,46264.35,AV.INDEPENDENCIA NO.1010,3611240
Brandon Ortiz Cruz,19,5 Semestre,22,472.0,6.041802,46787.715,AV. FERROCARRIL S/N.,4143784
Andrea Rivera Jaramillo,26,2 Semestre,7,471.0,9.561958,46853.598,AV. 18 DE MARZO ESQ. BLVD.M. AVILA CAMACHO NO. 1372,3553522
Edgar Arias Barrueta,18,3 Semestre,12,470.0,7.4238405,47512.58,AV 5 DE MAYO 659,3887907
Alfonso Sanchez Barajas,24,3 Semestre,13,469.0,6.3399963,47620.414,HERMENEGILDO GALEANA S/N,4041206
Cesar Nava Canales,18,3 Semestre,13,468.0,6.3821435,47936.99,AV. INDEPENDENCIA NO 1683,3461073
Adriana Rivera Hernandez,24,2 Semestre,8,467.0,7.5072165,48046.184,CALLE LAZARO CARDENAS S/N.,3773685
Angel Vaca Coello,18,3 Semestre,13,466.0,6.431104,48304.74,CALLE MORELOS NO.426,4083044
America Manriquez Velasquez,26,2 Semestre,9,465.0,6.056233,49055.49,MATAMOROS NO. 327,3210197
Abigail Puga Bautista,18,3 Semestre,12,464.0,7.6826754,49169.12,AV.INDEPEND.NO. 1065,3356807
Edith Barrueta Puga,21,3 Semestre,13,463.0,6.5819755,49437.945,HIDALGO NO 689,3384694
Alfredo Blanco Esparza,26,4 Semestre,17,462.0,6.8547015,49525.22,CALLE ALDAMA NO. 99,3716245
Emmanuel Villaroel Anduaga,18,2 Semestre,8,461.0,7.7762594,49768.06,AV. 20 DE NOVIEMBRE ESZ SANTOS,3683308
Camila Puga Baltazar,18,3 Semestre,13,460.0,6.646915,49925.715,18 DE MARZO NO. 1111,3922724
Alma Puga Almanza,18,3 Semestre,13,459.0,6.662244,50040.85,"""5 de Mayo, Callej?n San Lucas,""",3716804
Abigail Castillo Quiroz,27,5 Semestre,22,458.0,6.4629664,50049.21,MIGUEL HIDALGO NO 409,4040399
Andrea Rivera Quintero,26,3 Semestre,13,457.0,6.666853,50075.473,11 PONIENTE S/N.,3388079
Brandon Clavellina Gonzalez,24,7 Semestre,32,456.0,6.034817,50446.145,CALLE MATAMOROS NO. 325,3328624
Abril Mendoza Garcia,19,2 Semestre,8,455.0,7.894294,50523.48,SIN CALLE Y SIN NUMERO,4126082
Cesar Barajas Baltazar,19,5 Semestre,22,454.0,6.640907,51427.184,AV. MANCILLA ESQ. ALDAMA S/N,4085595
Fatima Esparza Blanco,26,2 Semestre,8,453.0,8.036992,51436.75,PRIVADA VENITO JUAREZ No. 4,3931758
Diego Esparza Guerrero,19,5 Semestre,23,452.0,6.100711,51636.418,AV. PRINCIPAL S/N.,3898696
David Canales Vaca,19,5 Semestre,23,451.0,6.1018615,51646.156,C. MARINA HERNANDEZ N. 5,3160476
Abril Arias Vaca,21,6 Semestre,27,450.0,6.3783336,51664.5,CENTRO PINERO,4157462
Edgar Puga Villaroel,18,2 Semestre,8,449.0,8.091034,51782.617,CALLE IGNACIO RAYON NO.934,3352443
Edgar Hernandez Reyes,25,8 Semestre,37,448.0,6.0628257,51875.05,AV. INDEPENDENCIA No. 393,3888950
Daniela Bolaños Mendez,26,3 Semestre,12,447.0,8.1312475,52039.984,AV. 20 DE NOVIEMBRE ESQ. MATAMOROS,3892438
Enrique Aquino Barajas,25,4 Semestre,17,446.0,7.2171416,52143.848,AV. 5 DE MAYO No. 1350,3182434
Cesar Coello Serret,18,3 Semestre,12,445.0,8.186704,52394.902,CALLE ALDAMA NO 64,3918335
Fatima Anduaga Valdovinos,25,6 Semestre,27,444.0,6.4702725,52409.207,AV. INDEPENDENCIA NO. 545-D,3520925
Carlos Avedaño Avedaño,22,5 Semestre,22,443.0,6.788107,52567.1,Avenida Toluca No. 10,3854366
Dafne Canales Blanco,18,3 Semestre,13,442.0,7.0466576,52928.227,AV. INDEPENDENCIA NO. 643 (425),3972504
Adriana Ortiz Velasquez,23,5 Semestre,22,441.0,6.849283,53040.848,AV. 5 DE MAYO NO. 1259,3798419
Angelica Aguirre Anduaga,25,5 Semestre,23,440.0,6.2675676,53048.69,INT. PASAJE COMERCIAL LOCAL No. 4,3822531
Adan Clavellina Manriquez,26,3 Semestre,13,439.0,7.1005077,53332.7,AQUILES SERDAN No. 15,3252171
Abigail Ortiz Cruz,21,5 Semestre,23,438.0,6.3063273,53376.754,CALLE MATAMOROS NO. 147,4199971
Aime Baltazar Magaña,20,7 Semestre,33,437.0,6.0114517,53440.586,KM. 2 CARRETERA TUXTEPEC- VALLE NACIONAL,3150735
Alan Reyes Vaca,19,5 Semestre,23,436.0,6.3857746,54049.195,KM.13 CARRET.CD. ALEMAN-TUXTEPEC,4175066
Bryan Luna Ortiz,20,7 Semestre,32,435.0,6.4661074,54051.38,CALLE MATAMOROS NO. 237,3916604
Andres Ortega Canales,24,4 Semestre,17,434.0,7.5242844,54362.953,AV. INDEPENDENCIA NO. 701,3908420
Camila Serret Galicia,24,7 Semestre,32,433.0,6.533944,54618.438,BLVD. BENITO JUAREZ ESQ. 20 DE NOVIEMBRE S/N,3312907
Angelica Villaroel Canales,18,3 Semestre,12,432.0,8.565424,54818.715,AV. 20 DE NOVIEMBRE NO 822,3666499
Brenda Figueroa Valdez,25,10 Semestre,47,431.0,6.228225,55032.598,AV. JESUS CARRANZA NO. 60,4031164
Dafne Mendoza Anduaga,21,2 Semestre,9,430.0,6.7979875,55063.7,20 DE NOVIEMBRE 1371,4140559
Camila Clavellina Vaca,23,7 Semestre,32,429.0,6.607572,55233.906,DIRECCION CONOCIDO,4027481
Alejandro Puga Jaramillo,19,5 Semestre,24,428.0,6.004792,55340.164,OCAMPO 38,4115369
Erika Vaca Guerrero,22,3 Semestre,13,427.0,7.394343,55539.73,AV. 20 DE NOV. NO. 881 ESQ. ALDAMA,3598834
Camila Garcia Villaroel,20,7 Semestre,33,426.0,6.2543283,55599.707,CALLE MATAMOROS NO. 40,4127799
Daniel Manriquez Jimenez,21,6 Semestre,27,425.0,6.8730617,55671.8,AV. INDEPENDENCIA NO. 241,3695601
Abigail Vaca Avedaño,23,5 Semestre,23,424.0,6.5870037,55752.4,5 DE MAYO 1038,3338290
Juan Reyes Castillo,22,10 Semestre,47,423.0,6.311115,55765.01,CALLE MATAMOROS NO. 123,3564543
Aime Mendez Puga,27,7 Semestre,32,422.0,6.6896963,55920.4,AV. INDEPENDENCIA N0.405,3703571
Cesar Ramirez Baltazar,21,9 Semestre,43,421.0,6.1393056,56057.164,AV. INDEPENDENCIA NO. 1370-B,3786131
Brenda Aguilar Arias,24,5 Semestre,23,420.0,6.6253834,56077.246,"""Divisi?n del Norte y Prolongaci?n Uxmal,""",3218096
Brandon Barrueta Guerrero,26,4 Semestre,17,419.0,7.762607,56084.836,AV. 5 DE MAYO NO 1253,4156032
Brenda Valdovinos Villaroel,22,8 Semestre,38,418.0,6.26657,56555.797,AV. INDEPENDENCIA NO 1247,3751370
Daniela Magaña Aguilar,25,2 Semestre,9,417.0,7.028109,56927.684,CALLE MATAMOROS NO. 31,3204777
Emmanuel Baltazar Valdovinos,21,8 Semestre,39,416.0,6.013427,57165.137,AV. 20 DE NOVIEMBRE NO.1024,3425427
Rocio Arias Cosio,22,8 Semestre,37,415.0,6.715189,57456.836,CARR. A OJITALN NO 951-A,3778302
Andrea Barrueta Jaramillo,18,4 Semestre,19,414.0,6.372208,57509.18,CALLE IGNACIO MATIAS NO.6,3255968
Dulce Luna Marquez,21,2 Semestre,8,413.0,8.995351,57570.246,AV. INDEPENDENCIA N0.1166,3392400
Alejandro Clavellina Ortiz,26,9 Semestre,42,412.0,6.609852,57579.156,AV. 5 DE MAYO NO. 1906,3606382
Alan Garcia Villaroel,20,5 Semestre,22,411.0,7.5008335,58086.453,AV. INDEPENDENCIA NO. 748,4074320
Andres Coello Quintero,19,5 Semestre,23,410.0,6.8885083,58304.336,AV.INDEPENDENCIA NO 672,3794668
Cesar Barajas Landero,21,9 Semestre,42,409.0,6.712198,58470.703,AV. 5 DE MAYO NO. 357,3683411
Alfonso Reyes Sanchez,27,4 Semestre,18,408.0,7.253439,58752.855,AV. INDEPENDENCIA NO. 21,3305478
Carlos Ramirez Villaroel,24,8 Semestre,37,407.0,6.8821106,58885.06,CALLE MATAMOROS NO. 78,3286921
Dulce Caballero Cosio,22,5 Semestre,23,406.0,6.9773536,59056.32,CALLE MATAMOROS NO. 236,3267618
Carlos Baltazar Cruz,19,5 Semestre,22,405.0,7.633178,59111.332,CALLE MATAMOROS NO. 2-B,3896718
Aime Caballero Reyes,24,10 Semestre,48,404.0,6.4259357,59221.42,AV. 20 DE NOVIEMBRE NO.2244,4137646
Antonio Sanchez Cruz,22,3 Semestre,12,403.0,9.295644,59492.12,CALLE AGUSTIN LARA NO. 69-B,3561289
Alexis Ortega Coello,27,8 Semestre,37,402.0,6.961461,59564.0,AV. JUAREZ No. 4,3434961
Elizabeth Aguilar Vaca,24,5 Semestre,24,401.0,6.469194,59620.09,MATAMOROS NO 149,3656119
Adriana Ramirez Mendiola,20,3 Semestre,12,400.0,9.317015,59628.895,AV. INDEPENDENCIA NO. 720,3661606
Abigail Galicia Jaramillo,22,3 Semestre,12,399.0,9.322136,59661.67,AV.INDEPENDENCIA NO. 678,4111996
Alan Blanco Nava,21,7 Semestre,32,398.0,7.170845,59942.41,INDEPENDENCIA 623,4101954
Angelica Baltazar Cosio,24,5 Semestre,23,397.0,7.086139,59977.082,AV. 5 DE MAYO NO. 551,3185354
Enrique Figueroa Aguirre,26,5 Semestre,25,396.0,6.0002375,60002.375,AV. MANCILLA ESQ. ALDAMA S/N.,3576133
Alexis Anduaga Jimenez,24,10 Semestre,49,395.0,6.257266,60094.78,BENITO JUAREZ NO 568,4199656
Brenda Ramirez Quiroz,18,3 Semestre,15,394.0,6.010299,60102.984,INDEPENDENCIA NO. 427,4152740
Alejandra Jaramillo Sanchez,20,7 Semestre,33,393.0,6.770831,60191.312,NICOLAS BRAVO NO 1270,3633657
Cesar Barajas Gonzalez,24,5 Semestre,25,392.0,6.0295286,60295.285,AV. 20 DE NOVIEMBRE NO.1041,3868549
Dafne Bolaños Bolaños,26,2 Semestre,8,391.0,9.455677,60516.332,ALDAMA ESQ. 20 DE NOVIEMBRE,3578923
Carlos Rivera Nava,27,3 Semestre,14,390.0,6.9565043,60598.883,FRANCISCO I. MADERO NO. 182,4142932
Rocio Reyes Figueroa,18,4 Semestre,17,389.0,8.411183,60770.8,AV. 20 DE NOVIEMBRE ESQ. JUAREZ,3609341
Adriana Arias Villaroel,21,8 Semestre,40,388.0,6.0838666,60838.664,AV. INDEPENDENCIA NO 49,3409420
America Aquino Bautista,20,7 Semestre,32,387.0,7.2845635,60893.004,INDEPENDENCIA No 1655,4173707
Alejandra Quiroz Mendez,24,1 Semestre,5,386.0,6.095922,60959.22,Batall?n de San Patricio esq. Escuadr?n 201 s/n,3699849
Benjamin Mendoza Ramirez,26,1 Semestre,5,385.0,6.1029177,61029.176,CUITLAHUAC No. 25,3843502
Esmeralda Avedaño Mendez,23,10 Semestre,48,384.0,6.6268735,61073.266,AV. 20 DE NOVIEMBRE NO. 964,3670747
Rocio Jaramillo Mendiola,23,1 Semestre,5,383.0,6.1075377,61075.38,CALLE OCAMPO NO.,3965652
Carlos Mendez Cruz,27,1 Semestre,5,382.0,6.1078243,61078.242,C. ZARAGOZA NO. 329,4018126
Bruno Velasquez Puga,19,5 Semestre,23,381.0,7.2176547,61090.23,CARRETERA A LOMA ALTA S/N.,3380570
Luis Magaña Barrueta,22,7 Semestre,35,380.0,6.10972,61097.203,CALLE MORELOS NO.72,3824392
Juan Bolaños Landero,18,2 Semestre,8,379.0,9.548227,61108.656,AV. JESUS CARRANZA NO. 991,3229990
Adrian Lara Figueroa,21,6 Semestre,28,378.0,7.0392523,61319.71,DANIEL SOTO NO 354,3644355
Emmanuel Velasquez Hernandez,20,7 Semestre,35,377.0,6.140103,61401.027,INDEPENDENCIA 1683,3918219
Cesar Avedaño Guerrero,23,7 Semestre,33,376.0,6.9196362,61514.16,KM.5 CARRET.TUX-PTE. CARACOL,3180507
Alfredo Valdovinos Quintero,20,5 Semestre,22,375.0,7.94537,61528.945,AV. 5 DE MAYO NO 1850,4178943
Edith Luna Landero,19,1 Semestre,5,374.0,6.1556773,61556.773,OCAMPO NO. 231,4140386
Dulce Jaramillo Bolaños,24,10 Semestre,49,373.0,6.4146104,61605.918,AV. LIBERTAD NO. 897,3320537
Andres Lara Coello,20,6 Semestre,28,372.0,7.0750885,61631.883,JESUS CARRANZA NO. 139,3145643
Andrea Luna Aguirre,19,1 Semestre,5,371.0,6.164823,61648.23,AV. EMILIANO ZAPATA NO.1,3630683
Alejandro Anduaga Barrueta,24,7 Semestre,32,370.0,7.3802347,61692.74,AV. INDEPENDENCIA NO. 545,3771456
Andres Coello Reyes,21,2 Semestre,8,369.0,9.67742,61935.484,MATAMOROS NO 350,3815024
Ana Jimenez Almanza,22,7 Semestre,34,368.0,6.565987,61961.484,AV. INDEPENDENCIA NO. 718,4001203
America Hernandez Sanchez,26,6 Semestre,28,367.0,7.133818,62143.484,20 DE NOVIEMBRE ESQ JUAREZ,3277351
Antonio Arias Valdez,26,2 Semestre,8,366.0,9.711341,62152.582,INDEPENDENCIA 432,3365951
Carlos Luna Aquino,23,4 Semestre,17,365.0,8.603173,62157.926,AV. INDEPENDENCIA NO. 858,4122298
Brandon Galicia Jimenez,22,2 Semestre,8,364.0,9.77249,62543.934,CALLE OCAMPO NO.266,3958124
America Esparza Magaña,27,10 Semestre,49,363.0,6.5163507,62583.03,AV. INDEPENDENCIA NO. 377,4089228
Brandon Esparza Cruz,27,10 Semestre,47,362.0,7.105927,62787.973,BOULEVAR BGENITO JUAREZ 1291,3148180
Arturo Velasquez Mendiola,19,5 Semestre,22,361.0,8.111288,62813.816,CALLE OCAMPO NO. 254,3306496
Alejandra Ramirez Hernandez,23,2 Semestre,8,360.0,9.834558,62941.168,5 DE MAYO 1660,3811407
Emmanuel Aguilar Valdovinos,21,7 Semestre,33,359.0,7.0833936,62969.93,AV. INDEPENDENCIA NO.932,4167189
Alfredo Canales Aguirre,18,3 Semestre,12,358.0,9.848931,63033.16,AV. INDEPENDENCIA 666,3727021
Alexis Rivera Rivera,19,2 Semestre,9,357.0,7.783001,63042.31,BLVD. FRANCISCO FERNANDEZ ARTEAGA NO.1984,3848390
Edith Quiroz Avedaño,26,8 Semestre,39,356.0,6.658759,63299.83,AV. 5 DE MAYO NO. 631,3590052
Aime Ortiz Villaroel,27,9 Semestre,42,355.0,7.2709002,63337.62,AVENIDA 3 CALLE 2,3221379
Edgar Mendez Velasquez,26,3 Semestre,12,354.0,9.902713,63377.363,AV. 5 DE MAYO NO 1014,3235465
Edith Luna Luna,21,7 Semestre,35,353.0,6.3707037,63707.035,20 DE NOVIEMBRE NO. 955,3611948
Alejandro Canales Ramirez,20,4 Semestre,19,352.0,7.060306,63719.26,AV. INDEPENDENCIA NO. 562,4019791
Carlos Aquino Bolaños,23,6 Semestre,28,351.0,7.319169,63758.098,AV. INDEPENDENCIA NO. 395,3187403
Angelica Aguilar Nava,26,3 Semestre,13,350.0,8.4933,63794.12,AV. JESUS CARRANZA NO.1063,3167433
Brenda Aquino Mendoza,18,1 Semestre,5,349.0,6.381169,63811.688,AV. 5 DE MAYO NO. 1637,4001956
Dulce Avedaño Serret,23,1 Semestre,5,348.0,6.3860064,63860.062,AV. INDEPENDENCIA NO. 608,3669858
Erika Arias Arias,20,7 Semestre,32,347.0,7.6730456,64140.4,BENITO JUAREZ NO 25,3200547
Bruno Puga Nava,24,7 Semestre,33,346.0,7.218139,64167.793,JOSE MARIA MORELOS No. 20,3794339
Alfredo Aquino Aguilar,19,5 Semestre,25,345.0,6.4289217,64289.22,AV. BUGAMBILIA,4036823
Elizabeth Barrueta Clavellina,21,2 Semestre,10,344.0,6.4333296,64333.297,EMILIANO ZAPATA S/N,3609527
Andres Anduaga Esparza,23,8 Semestre,39,343.0,6.772453,64380.63,PROL. AV. 5 DE MAYO NO. 270,3974348
Erika Magaña Serret,27,6 Semestre,29,342.0,6.898101,64458.918,IGNACIO DE LA LLAVE S/N,3256822
Erika Lara Quiroz,25,1 Semestre,5,341.0,6.4501433,64501.434,PONCIANO ARRIAGA NO 45,3336848
Enrique Ortiz Puga,21,8 Semestre,37,340.0,7.54115,64523.965,ADOLFO LOPEZ MATEOS NO 25,3994651
Rocio Castillo Castillo,23,1 Semestre,5,339.0,6.4572573,64572.574,AV. INDEPENDENCIA NO 117,3744247
Dulce Anduaga Mendez,27,9 Semestre,45,338.0,6.4610925,64610.926,BLVD. BENITO JUAREZ ESQ. IGNACIO MATIAS S/N.,3650007
Daniela Rivera Reyes,18,3 Semestre,14,337.0,7.4194546,64631.695,"""Av. De las Culturas, Eje 5 Norte,""",3701801
Emmanuel Jaramillo Lara,19,1 Semestre,5,336.0,6.47222,64722.2,AV. INDEPENDENCIA NO.745-BIS,4074305
Edith Barrueta Clavellina,21,8 Semestre,38,335.0,7.18087,64807.35,AV. 5 DE MAYO NO 1911,3183461
Enrique Vaca Manriquez,19,5 Semestre,22,334.0,8.376982,64871.348,AV. 5 DE MAYO NO. 1953,3153419
Luis Reyes Nava,20,7 Semestre,33,333.0,7.301977,64913.094,AV. INDEPENDENCIA NO.864,3835738
Angelica Ortega Anduaga,23,6 Semestre,30,332.0,6.5001116,65001.11,AV. LIBERTAD NO. 1207,3861074
America Ramirez Blanco,25,8 Semestre,38,331.0,7.2042747,65018.58,AV. 20 DE NOVIEMBRE No. 1037,3503439
Elizabeth Jimenez Valdez,20,7 Semestre,32,330.0,7.7849035,65075.438,AV. INDEPENDENCIA NO.309,3907242
Abigail Caballero Luna,26,10 Semestre,49,329.0,6.784382,65157.203,INDEPENDENCIA NO 1231 A,4079521
Esmeralda Nava Mendez,20,4 Semestre,17,328.0,9.03066,65246.516,CALLE MELCHOR OCAMPO NO. 635,4033112
America Rivera Villaroel,24,1 Semestre,5,327.0,6.534319,65343.188,INDEPENDENCIA NO. 241,3910462
Daniela Puga Landero,26,7 Semestre,35,326.0,6.542875,65428.75,CALLE ITURBIDE NO. 52,3223762
Alberto Ramirez Magaña,18,4 Semestre,18,325.0,8.090199,65530.617,CALLE OCAMPO NO 14,3224252
Alberto Velasquez Jaramillo,25,10 Semestre,49,324.0,6.849451,65782.125,DOMICILIO CONOCIDO,4156731
Elizabeth Jaramillo Serret,27,2 Semestre,10,323.0,6.5887346,65887.34,C. ALDAMA NO. 25,3970512
Alfonso Reyes Blanco,26,2 Semestre,10,322.0,6.5895505,65895.51,AV. INDEPENDENCIA NO. 1054,3931531
America Rivera Reyes,24,2 Semestre,10,321.0,6.598745,65987.445,LOS OLIVOS S/N,4176258
Adriana Aguirre Velasquez,24,7 Semestre,34,320.0,6.992817,65989.36,INDEPENDENCIA 748,3507008
Bruno Canales Mendoza,21,5 Semestre,23,319.0,7.7981853,66003.84,AV. 20 DE NOVIEMBRE NO. 1210,3787948
Adrian Hernandez Gonzalez,22,5 Semestre,25,318.0,6.6060114,66060.12,CALLE ALDAMA NO.720,3929223
Antonio Ortega Aquino,25,2 Semestre,10,317.0,6.609141,66091.41,BOULEVAR BENITO JUAREZ NO. 197 -A,3353566
Alma Gonzalez Garcia,22,1 Semestre,5,316.0,6.626811,66268.11,KM 1 CARRETERA A TUXTEPEC PTE EL CARACOL,3715377
Adan Marquez Barajas,27,7 Semestre,34,315.0,7.0229363,66273.59,AV. INDEPENDENCIA NO. 670,3445210
Elizabeth Serret Blanco,23,8 Semestre,38,314.0,7.3472176,66308.64,AV. INDEPENDENCIA NO. 390 ANTES 396,3856170
Erika Baltazar Reyes,22,7 Semestre,32,313.0,7.938045,66355.58,AV. INDEPENDENCIA NO 171,3689310
Ana Serret Clavellina,26,5 Semestre,25,312.0,6.6361446,66361.445,NICOLAS FLES S/N ESQ. JAVIER HDEZ.,3193814
Ana Cruz Reyes,18,4 Semestre,20,311.0,6.649576,66495.766,AV. INDEPENDENCIA NO 531,3225787
Fatima Cruz Manriquez,21,9 Semestre,45,310.0,6.656417,66564.17,BLVD. BENITO JUAREZ NO. 197-A,3488614
Luis Quiroz Mendez,25,4 Semestre,18,309.0,8.2225,66602.25,INDEPENDENCIA NO. 377,3374838
Bruno Blanco Mendoza,26,3 Semestre,13,308.0,8.867167,66602.28,ARTEAGA NO 729,3513955
David Serret Guerrero,24,10 Semestre,50,307.0,6.662235,66622.35,CALLE IGNACIO RAYON NO.949,3215381
Alberto Bolaños Vaca,24,8 Semestre,40,306.0,6.6666713,66666.71,AV. F. ANGELES Y SAN LUIS P S/N,3428155
Alfredo Blanco Gonzalez,27,10 Semestre,49,305.0,6.9526515,66773.266,AV. INDEPENDENCIA NO. 409,3566338
Benjamin Bautista Baltazar,20,7 Semestre,33,304.0,7.5119667,66779.86,INDEPENDENCIA 1519,3645432
Juan Bautista Hernandez,25,5 Semestre,22,303.0,8.625804,66798.23,CALLE MATAMOROS NO.29-3,3488255
Rocio Valdez Ortega,23,8 Semestre,37,302.0,7.8152843,66869.52,INDEPENDENCIA NO. 569 B,4026351
Aime Bolaños Mendoza,24,7 Semestre,32,301.0,8.019783,67038.836,BLVD.BENITO JUAREZ NO.786,3284311
Carlos Aguilar Castillo,21,8 Semestre,39,300.0,7.068821,67197.98,C. GUADALUPE VICTORIA NO 373,3188850
Alberto Barajas Valdovinos,19,3 Semestre,14,299.0,7.72988,67335.84,AV. JESUS CARRANZA NO.73,3669024
Aime Coello Jaimes,24,5 Semestre,24,298.0,7.31733,67436.516,C. GUADALUPE VICTORIA N0.373,3725071
Brandon Aquino Castillo,20,7 Semestre,33,297.0,7.5982914,67547.266,AV. 20 DE NOVIEMBRE NO 1371,3261810
Dulce Hernandez Velasquez,20,5 Semestre,24,296.0,7.330536,67558.22,20 DE NOVIEMBRE NO 1422,3636670
Benjamin Aguirre Guerrero,20,7 Semestre,34,295.0,7.1675024,67637.82,AV. 5 DE MAYO NO.1544,3958501
Fatima Manriquez Aguilar,24,4 Semestre,19,294.0,7.5096664,67774.74,AV. 5 DE MAYO NO.1987,3164019
Abigail Ortiz Mendiola,25,10 Semestre,47,293.0,7.670729,67778.56,AV. 5 DE MAYO 1634,3947330
America Reyes Luna,21,9 Semestre,43,292.0,7.4388504,67923.13,AV. 20 DE NOVIEMBRE NO. 1060,4095287
America Bautista Blanco,19,5 Semestre,22,291.0,8.778781,67982.88,"""E. Zapata y Guadalupe Victoria,""",4027005
Adan Barrueta Valdez,20,7 Semestre,32,290.0,8.143881,68076.195,TITO ESTRADA PONIENTE No. 32,3346738
Ana Mendez Galicia,27,6 Semestre,28,289.0,7.820025,68121.11,BLVD. BENITO JUAREZ NO 568,3422019
David Cruz Bautista,23,3 Semestre,14,288.0,7.8233085,68149.71,AV. INDEPENDENCIA NO. 1282-A,3189142
Alejandra Arias Jimenez,26,7 Semestre,34,287.0,7.2255173,68185.3,AV. INDEPENDENCIA NO. 1231 A,3541930
Edith Jaramillo Magaña,19,5 Semestre,22,286.0,8.809674,68222.12,AV. INDEPENDENCIA NO. 405,3902072
Adan Jaramillo Figueroa,19,5 Semestre,25,285.0,6.837406,68374.06,CALLE HIDALGO NO. 501,3259752
Bruno Figueroa Figueroa,26,3 Semestre,13,284.0,9.103311,68375.98,AV. 20 DE NOVIEMBRE NO 1046,3436339
Antonio Landero Almanza,21,3 Semestre,15,283.0,6.8425345,68425.336,CALLE MORELOS NO. 44,4123772
Brandon Arias Velasquez,26,1 Semestre,5,282.0,6.845172,68451.72,AV. INDEPENDENCIA NO. 497,4154499
Alan Barrueta Magaña,27,3 Semestre,15,281.0,6.8548803,68548.8,Aldama Esq. Colosio S/N,3983083
Bruno Castillo Castillo,23,8 Semestre,37,280.0,8.02068,68626.945,AV. 5 DE MAYO NO 1721,3605606
Adriana Puga Landero,22,1 Semestre,5,279.0,6.8791943,68791.945,AV. 20 DE NOVIEMBRE No. 1950,3225717
Adriana Valdovinos Villaroel,26,8 Semestre,38,278.0,7.6256194,68821.22,AV. 5 DE MAYO NO. 1401,3151321
Alfonso Mendez Jimenez,22,9 Semestre,43,277.0,7.538665,68834.52,PLAN DE AYALA S/N.,3644724
Alma Velasquez Avedaño,18,2 Semestre,10,276.0,6.8944507,68944.51,AV. 5 DE MAYO NO 1219,3553345
Aime Barajas Cosio,19,4 Semestre,18,275.0,8.518339,68998.55,AV. 20 DE NOVIEMBRE NO. 1371,3969099
Alan Castillo Magaña,18,4 Semestre,19,274.0,7.6655197,69181.31,AV. JESUS CARRANZA NO 1651 ALTOS,3623965
Dulce Serret Baltazar,21,5 Semestre,25,273.0,6.930199,69301.99,AV. 20 DE NOVIEMBRE NO.772,3915042
Brenda Ortega Caballero,20,7 Semestre,35,272.0,6.9321785,69321.78,AV. INDEPENDENCIA NO. 565-A,3620072
Ana Arias Barajas,22,7 Semestre,32,271.0,8.300948,69389.15,AV. 5 DE MAYO NO. 1400,3283815
Juan Rivera Jaimes,22,7 Semestre,32,270.0,8.306163,69432.74,AV. 1O. DE MAYO NO. 29,3433543
Juan Lara Almanza,20,3 Semestre,13,269.0,9.256168,69524.11,AV. INDEPENDENCIA NO. 985-A,3595858
Carlos Valdovinos Bautista,25,8 Semestre,37,268.0,8.128095,69546.01,AV. LIBERTAD NO. 495,3258895
Elizabeth Aquino Jaramillo,19,5 Semestre,22,267.0,9.013189,69798.14,CALLE JUAREZ NO. 855,3228812
Ana Clavellina Ortiz,19,5 Semestre,24,266.0,7.574402,69805.69,AV. 5 DE MAYO NO. 583,3505918
Fatima Valdez Rivera,26,4 Semestre,18,265.0,8.620021,69822.17,ALDAMA 50,3927510
Adriana Coello Bautista,26,6 Semestre,27,264.0,8.621478,69833.97,CALLE OCAMPO S/M.,3894075
Alejandra Castillo Ortiz,19,5 Semestre,25,263.0,6.9842205,69842.2,PRINCIPAL S/N. TEMAZCAL.,3218045
Alan Aguilar Puga,26,5 Semestre,23,262.0,8.255438,69874.02,AV. 5 DE MAYO NO. 1683,3218700
Rocio Reyes Aquino,19,5 Semestre,22,261.0,9.023349,69876.81,PROL. AV 5 DE MAYO NO 109,3487562
Daniela Manriquez Esparza,20,7 Semestre,35,260.0,6.9881053,69881.055,CALLE ALDAMA NO.50,3759509
Benjamin Jimenez Vaca,27,5 Semestre,23,259.0,8.258167,69897.125,AV. INDEPENDENCIA S/N.,3539785
Emmanuel Barajas Magaña,23,8 Semestre,39,258.0,7.3591676,69958.086,AV. 1O. DE MAYO NO. 108,3746630
Andres Figueroa Mendoza,19,5 Semestre,22,257.0,9.082442,70334.43,CALLE MORELOS NO. 330 INT.2,3458199
Angel Figueroa Velasquez,24,3 Semestre,13,256.0,9.376023,70424.35,AV. 20 DE NOVIEMBRE NO.859-B,3758467
Alejandro Canales Mendoza,21,8 Semestre,37,255.0,8.233224,70445.52,CALLE MORELOS NO. 72-B,3792936
Luis Blanco Arias,27,3 Semestre,15,254.0,7.0471363,70471.36,AV. INDEPENDENCIA NO.787,3295488
Angel Bautista Sanchez,24,5 Semestre,22,253.0,9.125335,70666.59,BLVD. BENITO JUAREZ 1684,4128870
Benjamin Hernandez Clavellina,23,6 Semestre,28,252.0,8.123923,70768.4,DOMICILIO CONOCIDO KM.21,3904505
Antonio Ramirez Ramirez,22,2 Semestre,9,251.0,8.740484,70797.92,AV. INDEPENDENCIA S/N EXT. DEL MERCADO CENTRAL ESQ. BENITO JUAREZ,3653332
Dulce Bolaños Mendez,23,3 Semestre,14,250.0,8.128086,70804.664,CAMINO LOMA ALTA NO. 1000,3322113
Andrea Luna Gonzalez,20,4 Semestre,17,249.0,9.808935,70869.555,EJERCITO MEXICANO S/N,4193103
Fatima Figueroa Avedaño,22,7 Semestre,34,248.0,7.5122843,70891.44,Plaza del Estudiante No. 28 Esq. Florida,3660126
Esmeralda Ramirez Lara,23,5 Semestre,24,247.0,7.6965113,70931.05,HIDALGO NO. 96,3254758
Alfonso Velasquez Landero,26,1 Semestre,5,246.0,7.101612,71016.12,AVENIDA 5 DE MAYO NO. 1226,3628256
Camila Barrueta Mendoza,25,9 Semestre,43,245.0,7.787222,71104.06,AV. TITO ESTRADA EMILIANO ZAPATA,3403732
Aime Arias Quintero,18,3 Semestre,13,244.0,9.471099,71138.48,AV. INDEPENDENCIA 1019,3210981
Arturo Figueroa Mendez,24,3 Semestre,13,243.0,9.512576,71450.016,AV. INDEPENDENCIA NO. 1811,3804781
Angel Gonzalez Velasquez,20,7 Semestre,33,242.0,8.040122,71475.055,C. BENITO JUAREZ NO. 72,3601767
Fatima Caballero Arias,24,4 Semestre,20,241.0,7.1555266,71555.266,AV. 20 DE NOVIEMBRE NO. 933,3900752
Daniel Velasquez Mendez,18,3 Semestre,13,240.0,9.530443,71584.22,AV. INDEPENDENCIA NO. 374,3723477
Enrique Sanchez Serret,25,4 Semestre,18,239.0,8.870867,71854.02,AV. 5 NO. 1186 A,3329879
Andrea Aguirre Figueroa,20,6 Semestre,27,238.0,8.872426,71866.65,AV. REFORMA NO.587,3944707
Brandon Villaroel Sanchez,25,1 Semestre,5,237.0,7.1983886,71983.88,MATAMOROS NO 360,3748996
Alejandra Clavellina Cosio,23,5 Semestre,24,236.0,7.8221955,72089.35,CALLEJON DE LA NOCHE TRISTE NO.23,3932263
Carlos Jimenez Reyes,23,7 Semestre,35,235.0,7.2161694,72161.695,MARIANO ARISTA NO 454,3562310
Brenda Galicia Jimenez,26,3 Semestre,13,234.0,9.607608,72163.805,AV. INDEPENDENCIA NO. 574,3812530
Elizabeth Rivera Valdez,19,5 Semestre,24,233.0,7.830473,72165.64,AV. INDEPENDENCIA NO. 427,3970455
America Clavellina Arias,26,2 Semestre,9,232.0,8.911865,72186.11,CALLE MATAMOROS NO. 40,4164772
America Reyes Castillo,24,4 Semestre,20,231.0,7.219228,72192.28,INDEPENDENCIA NO. 409,3582917
Edgar Nava Baltazar,21,9 Semestre,43,230.0,7.9073877,72201.28,"""Calle Sur 157 y Av. T?, Plaza Benito Ju?rez,""",3189075
Andres Esparza Coello,22,8 Semestre,40,229.0,7.2252183,72252.18,AV. INDEPENDENCIA No.528,3412217
Antonio Manriquez Marquez,23,5 Semestre,22,228.0,9.332958,72274.43,AV. 5 DE MAYO NO. 2061 ESQ. BLVD.BENITO JUAREZ,3468417
Adan Avedaño Cruz,26,2 Semestre,10,227.0,7.236252,72362.516,AV. 20 DE NOVIEMBRE NO. 1105 ESQ.OCAMPO,3201334
Esmeralda Clavellina Garcia,21,6 Semestre,28,226.0,8.309694,72386.67,CALLE HIDALGO NO.96,4087878
Edith Lara Hernandez,23,10 Semestre,47,225.0,8.202081,72473.586,AV. 5 DE MAYO NO 1189,3238274
Alejandra Ortega Puga,24,5 Semestre,25,224.0,7.2479386,72479.38,AV. 5 DE MAYO ESQ. ALDAMA No. 991,3322914
Brandon Marquez Hernandez,24,6 Semestre,29,223.0,7.7690797,72597.734,AV. ALFONSO CASO NO. 15,3170504
Alberto Cruz Valdez,24,5 Semestre,24,222.0,7.8805566,72627.21,KM.13 CARRET. CD. ALEMAN-TUXTEPEC,3737003
Luis Sanchez Mendiola,21,3 Semestre,13,221.0,9.673042,72655.29,AV. 5 DE MAYO NO.1380,3923361
Cesar Mendoza Coello,25,7 Semestre,32,220.0,8.711765,72823.24,AV. INDEPENDENCIA NO 1950,3981441
Benjamin Canales Manriquez,19,5 Semestre,22,219.0,9.405906,72839.336,AV. 5 DE MAYO NO. 954,3507181
Adan Hernandez Anduaga,25,5 Semestre,24,218.0,7.9054723,72856.836,INDEPENDENCIA NO. 1420,3938746
David Barajas Avedaño,19,5 Semestre,25,217.0,7.2901964,72901.96,CALLE ALDAMA NO.53,3963233
Fatima Sanchez Mendez,18,4 Semestre,19,216.0,8.083424,72952.9,AV. 20 DE NOVIEMBRE NO. 963,3643053
David Quiroz Barajas,22,4 Semestre,18,215.0,9.009293,72975.27,MATAMOROS 29,4093211
Daniela Coello Bolaños,22,8 Semestre,40,214.0,7.312691,73126.914,AV. INDEPENDENCIA NO. 611,4138597
Antonio Valdovinos Mendez,19,5 Semestre,24,213.0,7.9404464,73179.16,AV. INDEPENDENCIA N0.562,4092116
Esmeralda Aquino Galicia,21,7 Semestre,35,212.0,7.3184495,73184.49,BLVD.BENITO JUAREZ NO. 42-C,3784188
Cesar Magaña Puga,27,7 Semestre,32,211.0,8.760661,73231.98,AV. INDENDENCIA NO. 1381,3666809
Alfredo Caballero Manriquez,27,3 Semestre,15,210.0,7.3506794,73506.79,BLVD. BENITO JUAREZ NO 439 B,3859591
Alfonso Aguirre Manriquez,27,9 Semestre,45,209.0,7.353086,73530.86,AV. 20 DE NOVIEMBRE NO. 1121,4034682
Andres Reyes Aquino,22,10 Semestre,49,208.0,7.656427,73532.32,AV. 20 DE NOVIEMBRE NO.1022,3355676
Andrea Vaca Esparza,20,6 Semestre,30,207.0,7.3863654,73863.65,MATAMOROS 123,3503170
Alejandro Jaramillo Bolaños,27,1 Semestre,5,206.0,7.38956,73895.6,AV. LIBERTAD NO. 956,3931623
Antonio Magaña Guerrero,19,5 Semestre,25,205.0,7.3972144,73972.14,AV. INDEPENDENCIA NO. 1457,4123343
Ana Puga Baltazar,23,7 Semestre,35,204.0,7.4317164,74317.164,C. ALDAMA NO. 153,3500159
Adriana Galicia Bautista,20,1 Semestre,5,203.0,7.4326677,74326.68,?Chimalpopoca No. 100,3738910
Alan Anduaga Blanco,20,1 Semestre,5,202.0,7.441496,74414.96,AV. ROBERTYO COLORADO 1350,3242104
Andres Ramirez Figueroa,26,1 Semestre,5,201.0,7.456512,74565.12,12 DE OCTUBRE No. 51,4046395
Angel Hernandez Blanco,22,10 Semestre,49,200.0,7.771089,74633.54,"""Av. Ermita Iztapalapa S/N, C?rcel de Mujeres,""",3403943
Andres Quiroz Velasquez,27,6 Semestre,28,199.0,8.571752,74669.484,AV. 5 DE MAYO NO. 1652,3190513
Daniela Castillo Velasquez,20,6 Semestre,27,198.0,9.221732,74696.03,CALLE BENITO JUAREZ NO.495,3437561
America Valdez Serret,20,7 Semestre,34,197.0,7.9167686,74708.45,CALLE MORELOS NO. 30,3210999
Benjamin Gonzalez Cruz,22,5 Semestre,25,196.0,7.4722624,74722.625,DOMICILIO CONOCIDO S/N.,4053981
Andrea Puga Sanchez,23,10 Semestre,48,195.0,8.109986,74741.63,BENITO JUAREZ 25,3286632
Carlos Baltazar Magaña,25,3 Semestre,13,194.0,9.954459,74769.05,CALLE ALDAMA NO 156,3530602
Esmeralda Barajas Serret,20,7 Semestre,33,193.0,8.41086,74770.836,Avenida Ju?rez No. 60,3350948
Juan Luna Ortiz,19,5 Semestre,24,192.0,8.115134,74789.08,AV. 20 DE NOVIEMBRE NO. 1081,3321677
Adrian Hernandez Ortiz,19,5 Semestre,24,191.0,8.122781,74859.55,AV.INDEPENDENCIA NO 623,3957128
America Manriquez Caballero,22,6 Semestre,27,190.0,9.242662,74865.56,AV. 5 DE MAYO NO 1100-A,3927935
Camila Caballero Arias,25,5 Semestre,24,189.0,8.13815,75001.195,AV. JESUS CARRANZA NO.765,4060420
Enrique Garcia Garcia,18,4 Semestre,19,188.0,8.317762,75067.805,20 DE NOVIEMBRE NO. 1858,3917203
Luis Mendoza Anduaga,25,7 Semestre,35,187.0,7.507612,75076.125,AV. INDEPENDENCIA NO.1004,3577351
Aime Rivera Clavellina,23,5 Semestre,25,186.0,7.5177417,75177.414,AV. INDEPENDENCIA NO.908,3154098
Cesar Hernandez Almanza,24,1 Semestre,5,185.0,7.5186696,75186.695,LAZARO CARDENAS NO.195,4024662
Cesar Ortiz Serret,23,8 Semestre,37,184.0,8.789373,75204.08,INDEPENDENCIA NO. 587,3706674
Diana Sanchez Marquez,26,10 Semestre,49,183.0,7.8498216,75389.69,AV. INDEPENDENCIA NO.147,3311795
Alfredo Valdez Mendiola,24,4 Semestre,18,182.0,9.321509,75504.23,CERRADA IGNACIO DE LA LLAVE NUM. 25,3434435
Brenda Villaroel Caballero,21,3 Semestre,14,181.0,8.679001,75603.74,MATAMOROS 127,3153152
Dulce Reyes Jaimes,24,7 Semestre,33,180.0,8.506348,75619.7,MATAMOROS NO. 325,3197753
Diana Anduaga Anduaga,19,1 Semestre,5,179.0,7.5735784,75735.78,ALDAMA 19-13,3622806
Brenda Landero Lara,26,3 Semestre,15,178.0,7.576826,75768.25,AV. INDEPENDENCIA NO. 1639,3756839
David Canales Almanza,23,6 Semestre,27,177.0,9.382903,76001.516,AV. INDEPENDENCIA NO. 779,3796009
Emmanuel Aguilar Marquez,24,5 Semestre,22,176.0,9.820928,76053.266,AV. 5 NO.1186-A,4096799
Adan Bolaños Quiroz,23,2 Semestre,9,175.0,9.392403,76078.46,CALLE GUERRERO ESQ. MURO BLVD.,4054143
Erika Arias Caballero,26,9 Semestre,43,174.0,8.338713,76139.66,AV. INDEPENDENCIA NO 1125,3935857
Dafne Velasquez Reyes,22,6 Semestre,27,173.0,9.401146,76149.28,AV. 5 DE MAYO No. 1763,3270097
Diana Barajas Canales,22,6 Semestre,27,172.0,9.412394,76240.39,C 1O DE MAYO NO 4,3545570
Juan Aquino Vaca,27,3 Semestre,14,171.0,8.753154,76249.695,BULEVAR No810,3628234
Dulce Aguirre Vaca,21,6 Semestre,28,170.0,8.757325,76286.03,BLVD. BENITO JUAREZ S / N,3388980
Dulce Jaramillo Barrueta,27,8 Semestre,40,169.0,7.629899,76298.99,AV. 20 DE NOVIEMBRE NO. 1139-B,3572224
Abril Villaroel Valdovinos,24,5 Semestre,25,168.0,7.6335306,76335.305,DANIEL SOTO NO.370,3876265
Edgar Esparza Aquino,22,5 Semestre,24,167.0,8.290534,76405.56,AV. 20 DE NOVIEMBRE NO.1636,3623400
Alan Mendez Nava,20,7 Semestre,32,166.0,9.145787,76451.31,AV INDEPENDENCIA NO. 545-B,4169797
Fatima Arias Bautista,22,9 Semestre,44,165.0,8.010463,76583.984,AV. 20 DE NOVIEMBRE NO 1137,4078972
Alexis Ortega Aguirre,20,7 Semestre,32,164.0,9.173254,76680.914,AV. INDEPENDENCIA NO. 497,3527127
Juan Nava Canales,22,8 Semestre,40,163.0,7.668575,76685.75,Florencia No. 20,3668068
Andrea Manriquez Bolaños,19,5 Semestre,23,162.0,9.063271,76711.52,JESUS CARRANZA 991,3745488
Bryan Marquez Coello,21,4 Semestre,19,161.0,8.528618,76970.77,ALDAMA NO. 720,3888782
Cesar Aguilar Jaimes,20,4 Semestre,20,160.0,7.719956,77199.56,CALLE MORELOS NO. 24,4015944
Alan Nava Reyes,21,2 Semestre,10,159.0,7.72828,77282.8,AV. 5 DE MAYO ESQ. MATAMOROS NO 1070,3316778
Bryan Barajas Valdez,22,8 Semestre,38,158.0,8.587789,77504.79,AV. INDEPENDENCIA N0.900,4094724
Alma Aguirre Mendez,26,6 Semestre,28,157.0,8.925026,77746.9,AV. 20 DE NOVIEMBRE NO. 1291,3623766
Alexis Blanco Barrueta,20,2 Semestre,9,156.0,9.658404,78233.08,AV. 20 DE NOVIEMBRE NO. 1960,3471981
Daniel Hernandez Puga,20,7 Semestre,34,155.0,8.2988405,78313.96,AV. INDEPENDENCIA NO.117 ESQ.ARISTA,4048250
Alan Ramirez Puga,20,7 Semestre,33,154.0,8.812906,78344.945,AV. 1O. DE MAYO NO. 102,3521722
Camila Hernandez Bolaños,25,1 Semestre,5,153.0,7.8628016,78628.016,AV. 5 DE MAYO NO. 660,3578271
Alfonso Serret Jaramillo,18,4 Semestre,20,152.0,7.8712163,78712.164,PLAZA ADOLFO LOPEZ MATEOS,3671830
Brandon Castillo Canales,23,3 Semestre,15,151.0,7.873347,78733.46,AV. INDEPENDENCIA NO. 246,4115025
Abril Anduaga Anduaga,20,1 Semestre,5,150.0,7.875811,78758.11,CALLE RIVA PALACIOS NO. 465,3152752
Adrian Gonzalez Gonzalez,27,6 Semestre,29,149.0,8.4339075,78810.18,AV. INDEPENDENCIA NO. 985-A,4099983
Andres Cruz Galicia,22,10 Semestre,49,148.0,8.216677,78912.96,""" Camino Real a Toluca s/n entre Paralela 2y 3,""",3985361
Arturo Mendez Sanchez,21,5 Semestre,24,147.0,8.569504,78976.55,AV. 5 DE MAYO NO. 1108,4112716
Alberto Esparza Lara,21,8 Semestre,39,146.0,8.312171,79017.58,CALLE ARTEAGA NO. 1027,4047531
Alma Clavellina Ortega,21,6 Semestre,29,145.0,8.458725,79042.086,AV. 20 DE NOVIEMBRE NO.1896,3555321
Daniela Lara Ortega,27,8 Semestre,40,144.0,7.907996,79079.96,DOMICILIO CONOCIDO,3650842
David Manriquez Vaca,19,5 Semestre,23,143.0,9.343483,79083.24,AV. INDEPENDENCIA NO. 579,3877150
Abril Magaña Luna,27,9 Semestre,43,142.0,8.669115,79156.516,AV. JESUS CARRANZA NO. 60,3245470
Alejandra Aquino Jaimes,22,9 Semestre,45,141.0,7.92413,79241.3,FERROCARRIL No. 17,3706644
Alfonso Marquez Garcia,25,3 Semestre,14,140.0,9.104908,79313.87,"""Cda. De Ram?rez y Castillo Led?n S/N,""",3743288
Benjamin Puga Magaña,20,7 Semestre,35,139.0,7.9339685,79339.69,AV. INDEPENDENCIA NO. 684 ALTOS,4064792
Erika Jimenez Manriquez,20,2 Semestre,9,138.0,9.806166,79429.945,LOS OLIVOS S/N,3995821
Alexis Aquino Puga,22,9 Semestre,45,137.0,7.963774,79637.74,KM.3.5 CARRET.FED. TUX-CD. ALEMAN,3258251
Andrea Avedaño Caballero,26,6 Semestre,27,136.0,9.835647,79668.734,AV. 5 DE MAYO NO. 1226,3565197
Esmeralda Esparza Galicia,26,10 Semestre,47,135.0,9.026421,79757.45,CALLE OCAMPO NO.420,3583200
David Manriquez Vaca,22,4 Semestre,20,134.0,7.9758973,79758.98,AV. INDEPENDENCIA NO 1023,3997755
Cesar Magaña Hernandez,18,1 Semestre,5,133.0,7.9993486,79993.484,KM. 13 CARR. MIGUEL ALEM?N,3472224
Erika Arias Lara,27,4 Semestre,18,132.0,9.902538,80210.56,BLVD. BENITO JUAREZ ESQ. AV. 5 DE MAYO NO 670,4000334
Ana Magaña Sanchez,23,1 Semestre,5,131.0,8.021224,80212.24,AV. INDEPENDENCIA NO. 776 ANTS.998,4103839
Alfonso Ortega Galicia,20,5 Semestre,24,130.0,8.7066,80240.03,AV. 20 DE NOVIEMBRE NO 1540,3853950
Emmanuel Manriquez Velasquez,21,8 Semestre,39,129.0,8.451166,80338.9,INDEPENDENCIA NO. 717,3898274
Abril Lara Villaroel,24,10 Semestre,50,128.0,8.034319,80343.19,MATAMOROS No. 138,3260726
Daniela Magaña Manriquez,27,9 Semestre,42,127.0,9.237866,80472.086,CAR. PROGRESO IXMIQUILPAN KM3,3831948
Erika Ortiz Gonzalez,25,7 Semestre,32,126.0,9.641476,80594.87,AV. INDEPENDENCIA NO. 727,4105408
Luis Mendez Canales,24,6 Semestre,27,125.0,9.953964,80627.11,KM. 2 CARRETERA TUXTEPEC OAXACA,4120117
Andres Vaca Serret,26,2 Semestre,10,124.0,8.076038,80760.38,AV INDEPENDENCIA NO 1189,3794549
Alfredo Galicia Aquino,24,6 Semestre,30,123.0,8.080266,80802.65,MATAMOROS 40,3775947
Alexis Aguirre Almanza,22,5 Semestre,23,122.0,9.581424,81097.17,AV. INDEPENDENCIA NO. 1001,3483700
Brandon Vaca Quiroz,26,7 Semestre,35,121.0,8.1186695,81186.695,LAZARO CARDENAS No. 4,3142415
Andres Mendoza Jaramillo,27,7 Semestre,34,120.0,8.606171,81214.16,LIBERTAD NO. 2005,3204401
Arturo Arias Baltazar,27,8 Semestre,37,119.0,9.512141,81388.26,AV. INDEPENDENCIA N0.670,3267315
Daniela Clavellina Magaña,26,10 Semestre,47,118.0,9.22128,81479.234,IGNACIO ZARAGOZA NO 303,3957878
David Aquino Clavellina,25,4 Semestre,19,117.0,9.0357275,81547.44,Direcci?n,3916446
Adriana Aguilar Manriquez,27,10 Semestre,47,116.0,9.24172,81659.836,AV. INDEPENDENCIA NO. 1029,3622222
Alfonso Barrueta Clavellina,22,1 Semestre,5,115.0,8.179389,81793.89,AV. LIBERTAD NO. 1046,4037282
Alma Blanco Luna,22,1 Semestre,5,114.0,8.182276,81822.76,AV. 20 DE NOVIEMBRE 813,4014442
Daniel Puga Sanchez,25,1 Semestre,5,113.0,8.182585,81825.84,AV. 20 DE NOVIEMBRE NO 1320,3505941
Elizabeth Villaroel Jaimes,25,10 Semestre,49,112.0,8.5436125,82052.85,"""Campa?a de ?bano No. 20, esq. Revoluci?n Social,""",3410234
Brenda Avedaño Villaroel,27,7 Semestre,34,111.0,8.697459,82075.62,INDEPENDENCIA 807,3991123
Alejandra Caballero Barajas,25,7 Semestre,34,110.0,8.723184,82318.375,AV. INDEPENDENCIA NO. 413,4073158
Andres Jaramillo Barajas,19,5 Semestre,25,109.0,8.24824,82482.41,AV. 16 DE JULIO NO.8,3648906
Andrea Avedaño Serret,22,1 Semestre,5,108.0,8.252414,82524.14,BLVD. BENITO JUAREZ NO 409,4164601
Rocio Hernandez Cosio,22,1 Semestre,5,107.0,8.265913,82659.13,AV DANIEL SOTO 738,3621271
Alfonso Canales Bolaños,27,5 Semestre,23,106.0,9.778941,82768.96,AV. INDEPENDENCIA NO.725,3634891
Esmeralda Jaramillo Gonzalez,22,8 Semestre,38,105.0,9.218325,83195.38,OAXACA S/N,3242524
Edith Puga Clavellina,24,6 Semestre,30,104.0,8.323204,83232.03,INDEPENDENCIA 824,3281681
Edgar Canales Vaca,23,7 Semestre,34,103.0,8.839147,83412.69,AV.INDEPENDENCIA NO. 574,3800106
Dafne Bolaños Aquino,18,3 Semestre,15,102.0,8.34138,83413.8,20 DE NOVIEMBRE NO. 1081,3878174
Alma Ortiz Mendez,22,9 Semestre,43,101.0,9.140552,83461.13,AV. 20 DE NOV. NO. 1372,3170781
Edith Blanco Mendiola,27,2 Semestre,10,100.0,8.348532,83485.32,AV.INDEPENDENCIA NO. 246,3732210
Elizabeth Hernandez Jimenez,27,4 Semestre,20,99.0,8.358526,83585.266,AV. 5 DE MAYO NO.801,3454001
Elizabeth Villaroel Clavellina,21,8 Semestre,37,98.0,9.77082,83601.58,KM 3.5 CARRETERA TUXTEPEC CD. ALEMAN,3778367
Andrea Ortega Lara,26,8 Semestre,39,97.0,8.800377,83658.586,AV. INDEPENDENCIA N0.691,3380517
Alma Sanchez Magaña,27,5 Semestre,25,96.0,8.406015,84060.16,GUERRERO ESC MURO,3528534
Brandon Lara Magaña,20,7 Semestre,35,95.0,8.47697,84769.695,AV. LIBERTAD NO. 56,4002951
Rocio Mendoza Garcia,25,2 Semestre,10,94.0,8.495677,84956.77,CALLE SEBASTIAN ORTIZ NO.849,3440300
Angelica Ortiz Ramirez,27,1 Semestre,5,93.0,8.516888,85168.875,AV. INDEPENDENCIA NO. 545-D,3604574
Benjamin Bautista Mendez,22,6 Semestre,30,92.0,8.530994,85309.94,BLVD. BENITO JUAREZ NO 2222 ESQ. AV. INDEPENDENCIA,3717678
Alan Puga Lara,20,4 Semestre,19,91.0,9.452806,85311.58,22 de Febrero y Castilla Ote,3768608
Brenda Valdovinos Puga,22,10 Semestre,49,90.0,8.888424,85364.42,CALLE OCAMPO NO. 231,3843124
Elizabeth Hernandez Quiroz,20,7 Semestre,34,89.0,9.068422,85576.305,CALLE MATAMOROS NO. 310,3346632
Abigail Aquino Marquez,22,1 Semestre,5,88.0,8.587552,85875.52,AV. 20 DE NOVIEMBRE NO. 1070,3893225
Luis Castillo Canales,19,2 Semestre,10,87.0,8.592836,85928.37,CALLE MATAMOROS NO. 127,3632992
Alexis Magaña Ramirez,20,7 Semestre,35,86.0,8.616554,86165.54,KM.2 CARR.FEDERAL TUX-OAXACA.,3574508
Adan Jimenez Aguilar,26,9 Semestre,45,85.0,8.62432,86243.2,AV. 5 DE MAYO NO. 1230-B,3894966
Daniela Ortega Serret,25,8 Semestre,39,84.0,9.074662,86266.01,AV. LIBERTAD NO. 34,3703536
Andrea Arias Baltazar,20,7 Semestre,35,83.0,8.643659,86436.586,CALLE PRINCIPAL S/N.,3142808
Cesar Bolaños Baltazar,20,4 Semestre,20,82.0,8.644956,86449.555,AV. 5 DE MAYO NO. 1690,3304291
Luis Caballero Ramirez,19,1 Semestre,5,81.0,8.645763,86457.63,CALLE SEBASTIAN ORTIZ NO.549,3521710
Esmeralda Galicia Manriquez,25,9 Semestre,43,80.0,9.481823,86577.24,AV. 20 DE NOVIEMBRE NO. 1020,3631691
Alfredo Valdez Coello,27,7 Semestre,34,79.0,9.185456,86680.72,20 DE NOVIEMBRE 1501,3260503
America Sanchez Galicia,27,7 Semestre,33,78.0,9.753431,86706.02,CARR.OJITLAN NO.43,3762441
Angelica Figueroa Hernandez,25,8 Semestre,38,77.0,9.6236,86852.99,AV.LIBERTAD NO. 33,3227896
Angelica Jimenez Gonzalez,23,1 Semestre,5,76.0,8.691982,86919.82,LIBERTAD ESQ. MORELOS 834,3868999
Brenda Mendoza Gonzalez,26,6 Semestre,28,75.0,9.981738,86952.03,MATAMOROS NO 85 ESQ. 20 DE NOVIEMBRE,4149780
Camila Bolaños Valdez,20,7 Semestre,34,74.0,9.22295,87034.54,CALLE ALDAMA NO.70,4008042
Rocio Reyes Sanchez,26,8 Semestre,39,73.0,9.184042,87305.8,AV. JESUS CARRANZA NO. 123,3802385
Luis Lara Mendez,27,9 Semestre,45,72.0,8.74389,87438.9,AV. INDEPENDENCIA NO. 409,3842908
Rocio Vaca Reyes,25,7 Semestre,34,71.0,9.278911,87562.625,5 de Febrero y Vicente Villada,3961086
Daniel Gonzalez Barajas,24,5 Semestre,24,70.0,9.5055,87602.69,CERRADA 5 DE FEBRERO S/N,3823371
Angel Puga Canales,27,4 Semestre,20,69.0,8.784566,87845.66,INDEPENDENCIA 85,4056248
Diana Valdez Mendez,20,7 Semestre,35,68.0,8.785667,87856.67,LIBERTAD 1024,4073085
Antonio Aguirre Mendiola,22,5 Semestre,24,67.0,9.545935,87975.336,AV. JESUS CARRANZA NO. 123,3433494
Fatima Aquino Coello,23,1 Semestre,5,66.0,8.807637,88076.375,CALLE MATAMOROS NO.280,3428573
Elizabeth Mendez Baltazar,24,8 Semestre,38,65.0,9.773512,88205.945,Pe??n No. 60,3564078
Adan Reyes Baltazar,27,1 Semestre,5,64.0,8.822637,88226.37,AV. INDEPENDENCIA NO.166,3395835
Bruno Nava Esparza,24,6 Semestre,30,63.0,8.823001,88230.0,AV. INDEPENDENCIA NO. 85,3635156
Arturo Jaramillo Cruz,27,5 Semestre,24,62.0,9.581115,88299.555,LIBERTAD NO. 1046,3641455
Erika Valdez Ortega,26,4 Semestre,19,61.0,9.785535,88314.45,MATAMOROS 2,3186986
Alma Rivera Clavellina,18,3 Semestre,15,60.0,8.868328,88683.27,AV. INDEPENDENCIA NO. 240,3355570
Cesar Caballero Bautista,24,1 Semestre,5,59.0,8.868345,88683.45,PROL. AV. 5 DE MAYO NO. 1145- A,4017285
Dulce Blanco Arias,20,4 Semestre,20,58.0,8.888239,88882.39,MIGUEL HIDALGO NO 689,4042624
Alfonso Esparza Aguilar,21,1 Semestre,5,57.0,8.904952,89049.52,AV. INDEPENDENCIA NO 145,3318794
Edgar Avedaño Barajas,27,6 Semestre,29,56.0,9.530247,89054.86,AV. JESUS CARRANZA NO. 812,3451410
Luis Caballero Esparza,22,2 Semestre,10,55.0,8.920986,89209.86,BULEVAR BENITO JUAREZ ESQUINA I. MATIAS S/N,3494562
Alberto Garcia Galicia,26,8 Semestre,39,54.0,9.410518,89458.734,AV. INDEPENDENCIA NO. 568,4138722
Abigail Clavellina Mendiola,20,1 Semestre,5,53.0,8.947728,89477.28,CALLE ALDAMA NO. 144-A,3571717
Andrea Valdovinos Barajas,26,10 Semestre,48,52.0,9.7267065,89641.33,AV. 20 DE NOVIEMBRE NO. 1178,3706081
Adan Ortiz Aguilar,18,4 Semestre,19,51.0,9.942171,89728.09,AV. JESUS CARRANZA NO. 1067,3518863
Carlos Arias Quiroz,21,3 Semestre,15,50.0,8.990172,89901.72,AV 5 DE MAYO NO. 1006,3308910
Andres Luna Galicia,21,4 Semestre,20,49.0,9.005528,90055.28,AV. INDEPENDENCIA NO. 47,4086370
David Villaroel Castillo,27,1 Semestre,5,48.0,9.043045,90430.45,AV. SEBASTIAN ORTIZ NO.229,3420110
Luis Blanco Vaca,22,4 Semestre,20,47.0,9.04816,90481.59,AV. LIBERTAD NO 1294,3746981
Angelica Landero Mendoza,23,5 Semestre,25,46.0,9.054717,90547.17,AV. INDEPENDENCIA NO.587,3980932
Alfredo Marquez Barajas,20,1 Semestre,5,45.0,9.077712,90777.12,ALDAMA NO 1212,3778430
David Esparza Manriquez,19,5 Semestre,24,44.0,9.856732,90839.65,5 DE MAYO NO.1,3279385
Carlos Landero Aquino,18,3 Semestre,15,43.0,9.093034,90930.33,AV. 20 DE NOVIEMBRE 795,3260331
Dafne Avedaño Esparza,24,10 Semestre,50,42.0,9.093849,90938.49,AV. 5 DE MAYO NO. 357,3747179
Camila Hernandez Quintero,25,9 Semestre,44,41.0,9.516307,90980.59,AV. INDEPENDENCIA NO. 1162,3320509
Rocio Aguilar Blanco,20,6 Semestre,30,40.0,9.110783,91107.82,INDEPENDENCIA NO 6,3568194
Arturo Galicia Mendez,25,10 Semestre,48,39.0,9.896411,91205.32,AV. 5 DE MAYO NO 954,3745145
Juan Canales Almanza,26,10 Semestre,48,38.0,9.954321,91739.02,EMILIANO ZAPATA S/N,3968892
Emmanuel Aquino Magaña,26,4 Semestre,20,37.0,9.181092,91810.92,AV INDEPENDENCIA NO 219,3686518
Benjamin Jaramillo Magaña,26,9 Semestre,44,36.0,9.616722,91940.62,AV. 20 DE NOVIEMBRE NO. 1027,3614507
Diana Castillo Esparza,23,1 Semestre,5,35.0,9.216153,92161.53,CALLE ALDAMA NO.233-A,3796195
Luis Barajas Nava,22,7 Semestre,34,34.0,9.79766,92457.92,AV. INDEPENDENCIA N0.677,3892458
Daniela Velasquez Ramirez,19,5 Semestre,25,33.0,9.258092,92580.92,AV. MIGUEL HIDALGO No. 19,3203167
Diana Puga Hernandez,24,6 Semestre,29,32.0,9.942981,92911.63,BLVD. BENITO JUAREZ NO. 1466-A,4195879
Cesar Anduaga Cosio,23,6 Semestre,30,31.0,9.370522,93705.2,OCAMPO 254-B,3177163
Luis Garcia Valdez,27,4 Semestre,20,30.0,9.4276085,94276.086,AV 3 ESQUINA CALLE 2,3736279
Adan Gonzalez Manriquez,20,4 Semestre,20,29.0,9.461192,94611.92,PONCIANO ARRIAGA NO. 43,3955971
Angelica Ortiz Reyes,20,1 Semestre,5,28.0,9.48348,94834.805,AV. INDEPENDENCIA NO. 346,3865999
Diana Blanco Puga,18,4 Semestre,20,27.0,9.495616,94956.16,LIBERTAD 56,3796240
Benjamin Quiroz Aquino,20,7 Semestre,35,26.0,9.510008,95100.08,AV. 5 DE MAYO 1281,3480425
America Ortiz Castillo,22,9 Semestre,45,25.0,9.548763,95487.63,PROL.5 DE MAYO NO.786,3791310
Arturo Blanco Esparza,26,5 Semestre,25,24.0,9.55128,95512.8,AV. INDEPENDENCIA NO. 740,3976364
Enrique Hernandez Caballero,25,6 Semestre,30,23.0,9.559429,95594.28,AV INDEPENDENCIA 565-A,3598264
Ana Valdez Aguilar,26,3 Semestre,15,22.0,9.564523,95645.22,AV. 20 DE NOVIEMBRE No50221,4037223
Carlos Coello Mendoza,26,4 Semestre,20,21.0,9.569262,95692.62,MATAMOROS NO. 225,3311390
Daniel Figueroa Gonzalez,22,10 Semestre,49,20.0,9.968915,95741.46,CARR. A OJITLAN NO. 951-A,3877112
America Gonzalez Baltazar,21,1 Semestre,5,19.0,9.580642,95806.414,CALLE MATAMOROS NO. 225,3194995
Camila Aguilar Valdez,18,4 Semestre,20,18.0,9.675651,96756.51,AV. INDEPENDENCIA NO.677,3671227
Alejandro Aguirre Magaña,24,9 Semestre,45,17.0,9.741782,97417.82,AV. GRAL. ANAYA No. 2 BIS,3551447
Bryan Magaña Barajas,22,1 Semestre,5,16.0,9.801525,98015.25,CALLE SEBASTIAN ORTIZ NO 690,3680224
Elizabeth Velasquez Marquez,26,8 Semestre,40,15.0,9.815897,98158.97,20 DE NOVIEMBRE 1041,3748617
Abril Esparza Valdovinos,23,2 Semestre,10,14.0,9.820519,98205.195,AV. 5 DE MAYO NO. 105,3321548
Adan Puga Quintero,18,1 Semestre,5,13.0,9.824877,98248.766,AV. 5 DE MAYO NO. 1400,3185013
Abril Ortega Luna,25,8 Semestre,40,12.0,9.825389,98253.89,BLVD. MANUEL AVILA CAMACHO 435,3563258
Diana Aguirre Almanza,23,1 Semestre,5,11.0,9.835818,98358.18,BOULEVARD BENITO JUAREZ ESQ. INDEPENDENCIA,4006861
Andres Mendoza Quiroz,24,5 Semestre,25,10.0,9.890937,98909.37,AV. 20 DE NOVIEMBRE No. 1037,4077987
Luis Luna Jaramillo,25,7 Semestre,35,9.0,9.895193,98951.93,AV. 20 DE NOVIEMBRE NO 1053,3159414
Emmanuel Esparza Almanza,20,5 Semestre,25,8.0,9.924518,99245.18,AV. 16 DE SEPTIEMBRE 11,3771697
Dulce Hernandez Ortiz,18,3 Semestre,15,7.0,9.9253845,99253.836,PROLONG. INDEPENDENCIA NO. 2237,4081140
Arturo Valdez Sanchez,21,7 Semestre,35,6.0,9.92924,99292.4,AV. 20 DE NOVIEMBRE ESQ. SANTOS DEGOLLADO,3767348
Dafne Garcia Cruz,24,5 Semestre,25,5.0,9.933519,99335.195,CALLE MATAMOROS NO. 11,3618900
Bruno Nava Reyes,19,4 Semestre,20,4.0,9.958375,99583.75,AV. 20 DE NOVIEMBRE NO 1225,3506666
Ana Jaramillo Avedaño,21,3 Semestre,15,3.0,9.965451,99654.5,INDEPENDENCIA NO. 605,3712085
Dulce Manriquez Rivera,18,4 Semestre,20,2.0,9.96742,99674.195,AV. LIBERTAD NO. 1961,3566185
Abigail Aguilar Avedaño,19,1 Semestre,5,1.0,9.967909,99679.086,CALLE MATAMOROS NO. 415,3465121
